loss,mse,mae,mape,val_loss,val_mse,val_mae,val_mape
100165623808.0,433807808.0,5052.19970703125,100165623808.0,1326753664.0,7617.74560546875,73.54376220703125,1326753664.0
