loss,mse,mae,mape,val_loss,val_mse,val_mae,val_mape
96178823168.0,951572864.0,5226.345703125,96178823168.0,156008.0625,1354.095947265625,31.373090744018555,156008.0625
